"wL","fL"
0.12,0.848257540438536
0.125,0.848299349793829
0.13,0.851975328169835
0.135,0.877719575175613
0.14,0.897674320060039
0.145,0.898997839949268
